"Page","Image Role","Current Path","Current Size","Desktop Rendered","Mobile Rendered","Expected Ratio","CSS Behavior","Reused Roles","Separate Sizes Needed","Recommended Size","Max File Size","Format","Quality/Compression","Action","Notes","Alt","Loading","Fetch Priority","Width Attr","Height Attr","File Bytes"
"index.html","hero","/assets/images/heroes/home-hero.webp","1024x572","380x212","0x0","16:9","object-fit:fill; object-position:50% 50%; max-height:none; css:380pxx212.266px; aspect-ratio:auto 1024 / 572","no","no","1200x675","140 KB","WebP","WebP q78-84 or AVIF q45-55","KEEP","","ESP32 development workspace with breadboard, relays, and display","","high","1024","572","76632"
"index.html","featured/card","/assets/visuals/projects/thumbs/esp32-iot-weather-station-thumb.svg","240x150","112x88","88x74","4:3","object-fit:cover; object-position:50% 50%; max-height:none; css:112pxx88px; aspect-ratio:auto 1376 / 768","no","no","800x600","90 KB","WebP","WebP q76-82","OPTIONAL REPLACE","Missing/empty alt text; decorative is okay only when intentionally empty.","","lazy","","1376","768","4652"
"index.html","featured/card","/assets/visuals/projects/thumbs/esp32-oled-weather-clock-thumb.svg","240x150","112x88","88x74","4:3","object-fit:cover; object-position:50% 50%; max-height:none; css:112pxx88px; aspect-ratio:auto 1376 / 768","no","no","800x600","90 KB","WebP","WebP q76-82","OPTIONAL REPLACE","Missing/empty alt text; decorative is okay only when intentionally empty.","","lazy","","1376","768","4568"
"index.html","featured/card","/assets/images/generated/esp32-smart-thermostat.webp","1600x900","112x88","88x74","4:3","object-fit:cover; object-position:50% 50%; max-height:none; css:112pxx88px; aspect-ratio:auto 1376 / 768","featured/card+other","no","800x600","90 KB","WebP","WebP q76-82","OPTIONAL REPLACE","Already optimized generated asset; preserve unless crop/content is specifically rejected. Missing/empty alt text; decorative is okay only when intentionally empty.","","lazy","","1376","768","111858"
"index.html","featured/card","/assets/visuals/projects/thumbs/esp32-line-following-robot-thumb.svg","240x150","112x88","88x74","4:3","object-fit:cover; object-position:50% 50%; max-height:none; css:112pxx88px; aspect-ratio:auto 1376 / 768","no","no","800x600","90 KB","WebP","WebP q76-82","OPTIONAL REPLACE","Missing/empty alt text; decorative is okay only when intentionally empty.","","lazy","","1376","768","4837"
"index.html","featured/card","/assets/visuals/projects/thumbs/esp32-wifi-robot-controller-thumb.svg","240x150","112x88","88x74","4:3","object-fit:cover; object-position:50% 50%; max-height:none; css:112pxx88px; aspect-ratio:auto 1376 / 768","no","no","800x600","90 KB","WebP","WebP q76-82","OPTIONAL REPLACE","Missing/empty alt text; decorative is okay only when intentionally empty.","","lazy","","1376","768","4671"
"index.html","other","/assets/images/projects/project-a-17.webp","unknown","74x46","74x46","16:10","object-fit:cover; object-position:50% 50%; max-height:none; css:74pxx45.5px; aspect-ratio:auto 1376 / 768","no","no","1200x675","140 KB","WebP","WebP q78-84","OPTIONAL REPLACE","Generic legacy project/social image; optional replacement with page-specific crop.","","lazy","","1376","768","222262"
"index.html","other","/assets/images/generated/esp32-smart-thermostat.webp","1600x900","74x46","74x46","16:9","object-fit:cover; object-position:50% 50%; max-height:none; css:74pxx45.5px; aspect-ratio:auto 1376 / 768","featured/card+other","no","1200x675","140 KB","WebP","WebP q78-84","KEEP","Already optimized generated asset; preserve unless crop/content is specifically rejected.","","lazy","","1376","768","111858"
"index.html","other","/assets/images/projects/project-b-02.webp","unknown","74x46","74x46","16:10","object-fit:cover; object-position:50% 50%; max-height:none; css:74pxx45.5px; aspect-ratio:auto 1376 / 768","no","no","1200x675","140 KB","WebP","WebP q78-84","OPTIONAL REPLACE","Generic legacy project/social image; optional replacement with page-specific crop.","","lazy","","1376","768","231784"
"index.html","other","https://cdn-learn.adafruit.com/assets/assets/000/097/111/medium800/adafruit_products_BME280_top_angle.jpg","unknown","274x200","0x0","4:3","object-fit:contain; object-position:50% 50%; max-height:200px; css:274pxx200px; aspect-ratio:auto 200 / 200","no","no","1200x675","140 KB","WebP","WebP q78-84","KEEP","","BME280 environmental sensor breakout board","lazy","","200","200",""
"index.html","featured/card","(inline SVG placeholder)","inline SVG","112x88","88x74","16:10","object-fit:fill; object-position:50% 50%; max-height:none; css:112pxx88px; aspect-ratio:16 / 10","no","no","800x500","90 KB","WebP","WebP q76-82","NEEDS NEW IMAGE","Visible card/thumbnail placeholder; new generated asset can improve discovery without changing layout.","","","","","",""
"index.html","featured/card","(inline SVG placeholder)","inline SVG","112x88","88x74","16:10","object-fit:fill; object-position:50% 50%; max-height:none; css:112pxx88px; aspect-ratio:16 / 10","no","no","800x500","90 KB","WebP","WebP q76-82","NEEDS NEW IMAGE","Visible card/thumbnail placeholder; new generated asset can improve discovery without changing layout.","","","","","",""
"index.html","featured/card","(inline SVG placeholder)","inline SVG","112x88","88x74","16:10","object-fit:fill; object-position:50% 50%; max-height:none; css:112pxx88px; aspect-ratio:16 / 10","no","no","800x500","90 KB","WebP","WebP q76-82","NEEDS NEW IMAGE","Visible card/thumbnail placeholder; new generated asset can improve discovery without changing layout.","","","","","",""
"index.html","featured/card","(inline SVG placeholder)","inline SVG","112x88","88x74","16:10","object-fit:fill; object-position:50% 50%; max-height:none; css:112pxx88px; aspect-ratio:16 / 10","no","no","800x500","90 KB","WebP","WebP q76-82","NEEDS NEW IMAGE","Visible card/thumbnail placeholder; new generated asset can improve discovery without changing layout.","","","","","",""
"index.html","featured/card","(inline SVG placeholder)","inline SVG","112x88","88x74","16:10","object-fit:fill; object-position:50% 50%; max-height:none; css:112pxx88px; aspect-ratio:16 / 10","no","no","800x500","90 KB","WebP","WebP q76-82","NEEDS NEW IMAGE","Visible card/thumbnail placeholder; new generated asset can improve discovery without changing layout.","","","","","",""
"index.html","featured/card","(inline SVG placeholder)","inline SVG","112x88","88x74","16:10","object-fit:fill; object-position:50% 50%; max-height:none; css:112pxx88px; aspect-ratio:16 / 10","no","no","800x500","90 KB","WebP","WebP q76-82","NEEDS NEW IMAGE","Visible card/thumbnail placeholder; new generated asset can improve discovery without changing layout.","","","","","",""
"index.html","featured/card","(inline SVG placeholder)","inline SVG","112x88","88x74","16:10","object-fit:fill; object-position:50% 50%; max-height:none; css:112pxx88px; aspect-ratio:16 / 10","no","no","800x500","90 KB","WebP","WebP q76-82","NEEDS NEW IMAGE","Visible card/thumbnail placeholder; new generated asset can improve discovery without changing layout.","","","","","",""
"index.html","og:image","/assets/images/og/esp32-engine-home.webp","1200x630","0x0","0x0","1.91:1","meta only; no rendered CSS","no","no","1200x630","160 KB","WebP","WebP q78-84 or AVIF q45-55","KEEP","OG ratio matches social standard.","","","","1200","630","45924"
"guides.html","other","/assets/images/heroes/guides-hero.webp","1024x572","426x300","322x300","16:9","object-fit:cover; object-position:50% 50%; max-height:none; css:426pxx300px; aspect-ratio:auto 1024 / 576","no","no","1200x675","140 KB","WebP","WebP q78-84","KEEP","","ESP32 guide workspace with development board, laptop, and printed wiring notes","eager","","1024","576","77856"
"guides.html","featured/card","/assets/images/generated/esp32-blink-led-guide.webp","1600x900","231x144","304x190","16:10","object-fit:contain; object-position:50% 50%; max-height:none; css:231pxx144.375px; aspect-ratio:auto 1024 / 576","no","no","800x500","90 KB","WebP","WebP q76-82","KEEP","Already optimized generated asset; preserve unless crop/content is specifically rejected.","Blink an LED with ESP32 guide illustration","lazy","","1024","576","93104"
"guides.html","featured/card","/assets/images/academy/academy-mission-04.webp","1376x768","231x144","304x190","16:10","object-fit:contain; object-position:50% 50%; max-height:none; css:231pxx144.375px; aspect-ratio:auto 1024 / 576","no","no","800x500","90 KB","WebP","WebP q76-82","KEEP","","Button Controls LED with ESP32 guide illustration","lazy","","1024","576","145956"
"guides.html","featured/card","/assets/images/guides/generated/temperature-sensor-serial-output-640.webp","475x267","231x144","304x190","16:10","object-fit:contain; object-position:50% 50%; max-height:none; css:231pxx144.375px; aspect-ratio:auto 640 / 360","no","no","800x500","90 KB","WebP","WebP q76-82","KEEP","Already optimized generated asset; preserve unless crop/content is specifically rejected.","Read Temperature with DHT22 guide illustration","lazy","","640","360","20290"
"guides.html","featured/card","/assets/images/generated/esp32-connect-oled-guide.webp","1600x900","231x144","304x190","16:10","object-fit:contain; object-position:50% 50%; max-height:none; css:231pxx144.375px; aspect-ratio:auto 1024 / 576","no","no","800x500","90 KB","WebP","WebP q76-82","KEEP","Already optimized generated asset; preserve unless crop/content is specifically rejected.","Connect OLED Display with ESP32 guide illustration","lazy","","1024","576","93116"
"guides.html","featured/card","/assets/images/academy/academy-mission-05.webp","1376x768","231x144","304x190","16:10","object-fit:contain; object-position:50% 50%; max-height:none; css:231pxx144.375px; aspect-ratio:auto 1024 / 576","no","no","800x500","90 KB","WebP","WebP q76-82","KEEP","","Understanding Digital Inputs and Floating Pins guide illustration","lazy","","1024","576","145702"
"guides.html","featured/card","/assets/images/academy/academy-mission-06.webp","1376x768","231x144","304x190","16:10","object-fit:contain; object-position:50% 50%; max-height:none; css:231pxx144.375px; aspect-ratio:auto 1024 / 576","no","no","800x500","90 KB","WebP","WebP q76-82","KEEP","","Pull-up vs Pull-down Resistors guide illustration","lazy","","1024","576","154102"
"guides.html","featured/card","/assets/images/academy/academy-mission-07.webp","1376x768","231x144","304x190","16:10","object-fit:contain; object-position:50% 50%; max-height:none; css:231pxx144.375px; aspect-ratio:auto 1024 / 576","no","no","800x500","90 KB","WebP","WebP q76-82","KEEP","","Button Debouncing guide illustration","lazy","","1024","576","147252"
"guides.html","featured/card","/assets/images/academy/academy-mission-08.webp","1376x768","231x144","304x190","16:10","object-fit:contain; object-position:50% 50%; max-height:none; css:231pxx144.375px; aspect-ratio:auto 1024 / 576","no","no","800x500","90 KB","WebP","WebP q76-82","KEEP","","Multiple Buttons & State Detection guide illustration","lazy","","1024","576","155142"
"guides.html","featured/card","/assets/images/academy/academy-mission-09.webp","1376x768","231x144","304x190","16:10","object-fit:contain; object-position:50% 50%; max-height:none; css:231pxx144.375px; aspect-ratio:auto 1024 / 576","no","no","800x500","90 KB","WebP","WebP q76-82","KEEP","","PWM Fundamentals guide illustration","lazy","","1024","576","112126"
"guides.html","featured/card","/assets/images/academy/academy-mission-10.webp","1803x576","231x144","304x190","16:10","object-fit:contain; object-position:50% 50%; max-height:none; css:231pxx144.375px; aspect-ratio:auto 1024 / 576","no","no","800x500","90 KB","WebP","WebP q76-82","KEEP","","Analog Inputs guide illustration","lazy","","1024","576","133554"
"guides.html","featured/card","/assets/images/guides/generated/analog-input-serial-monitor-640.webp","475x267","231x144","304x190","16:10","object-fit:contain; object-position:50% 50%; max-height:none; css:231pxx144.375px; aspect-ratio:auto 640 / 360","no","no","800x500","90 KB","WebP","WebP q76-82","KEEP","Already optimized generated asset; preserve unless crop/content is specifically rejected.","Analog Inputs: Reading the Real World guide illustration","lazy","","640","360","28700"
"guides.html","featured/card","/assets/images/academy/academy-mission-11.webp","1376x768","231x144","304x190","16:10","object-fit:contain; object-position:50% 50%; max-height:none; css:231pxx144.375px; aspect-ratio:auto 1024 / 576","no","no","800x500","90 KB","WebP","WebP q76-82","KEEP","","OLED Display with ESP32 guide illustration","lazy","","1024","576","114746"
"guides.html","featured/card","/assets/images/guides/generated/analog-sensor-bench-640.webp","475x267","231x144","304x190","16:10","object-fit:contain; object-position:50% 50%; max-height:none; css:231pxx144.375px; aspect-ratio:auto 640 / 360","no","no","800x500","90 KB","WebP","WebP q76-82","KEEP","Already optimized generated asset; preserve unless crop/content is specifically rejected.","Reading Analog Sensors guide illustration","lazy","","640","360","17548"
"guides.html","featured/card","/assets/images/academy/academy-mission-12.webp","1376x768","231x144","304x190","16:10","object-fit:contain; object-position:50% 50%; max-height:none; css:231pxx144.375px; aspect-ratio:auto 1024 / 576","no","no","800x500","90 KB","WebP","WebP q76-82","KEEP","","I2C Communication guide illustration","lazy","","1024","576","119960"
"guides.html","featured/card","/assets/images/guides/generated/environmental-sensor-modules-640.webp","475x267","231x144","304x190","16:10","object-fit:contain; object-position:50% 50%; max-height:none; css:231pxx144.375px; aspect-ratio:auto 640 / 360","no","no","800x500","90 KB","WebP","WebP q76-82","KEEP","Already optimized generated asset; preserve unless crop/content is specifically rejected.","Reading Environmental Sensors guide illustration","lazy","","640","360","18870"
"guides.html","featured/card","/assets/images/guides/generated/smart-environment-dashboard-640.webp","475x267","231x144","304x190","16:10","object-fit:contain; object-position:50% 50%; max-height:none; css:231pxx144.375px; aspect-ratio:auto 640 / 360","no","no","800x500","90 KB","WebP","WebP q76-82","KEEP","Already optimized generated asset; preserve unless crop/content is specifically rejected.","Smart Environment Monitor guide illustration","lazy","","640","360","20392"
"guides.html","featured/card","/assets/images/guides/generated/what-is-esp32-overview-640.webp","475x267","547x342","313x196","16:10","object-fit:contain; object-position:50% 50%; max-height:none; css:547pxx341.875px; aspect-ratio:auto 640 / 360","no","no","800x500","90 KB","WebP","WebP q76-82","OPTIONAL REPLACE","Already optimized generated asset; preserve unless crop/content is specifically rejected. Source is slightly smaller than desktop render; use a larger source for crisp high-DPI displays.","What Is ESP32? Complete Beginner's Guide guide illustration","lazy","","640","360","24058"
"guides.html","featured/card","/assets/images/guides/generated/arduino-ide-esp32-setup-640.webp","475x267","547x342","313x196","16:10","object-fit:contain; object-position:50% 50%; max-height:none; css:547pxx341.875px; aspect-ratio:auto 640 / 360","no","no","800x500","90 KB","WebP","WebP q76-82","OPTIONAL REPLACE","Already optimized generated asset; preserve unless crop/content is specifically rejected. Source is slightly smaller than desktop render; use a larger source for crisp high-DPI displays.","Installing Arduino IDE for ESP32: Complete Setup Guide guide illustration","lazy","","640","360","17580"
"guides.html","og:image","/assets/images/og/esp32-learning-guides.webp","1200x630","0x0","0x0","1.91:1","meta only; no rendered CSS","no","no","1200x630","160 KB","WebP","WebP q78-84 or AVIF q45-55","KEEP","OG ratio matches social standard.","","","","1200","630","51702"
"projects.html","featured/card","/assets/images/projects/project-a-16.webp","1376x768","215x121","356x200","16:9","object-fit:cover; object-position:50% 50%; max-height:none; css:215pxx120.938px; aspect-ratio:auto 1376 / 768","no","no","800x450","90 KB","WebP","WebP q76-82","OPTIONAL REPLACE","Generic legacy project/social image; optional replacement with page-specific crop. Missing/empty alt text; decorative is okay only when intentionally empty.","","lazy","","1376","768","218516"
"projects.html","featured/card","/assets/images/projects/project-a-17.webp","1376x768","215x121","356x200","16:9","object-fit:cover; object-position:50% 50%; max-height:none; css:215pxx120.938px; aspect-ratio:auto 1376 / 768","no","no","800x450","90 KB","WebP","WebP q76-82","OPTIONAL REPLACE","Generic legacy project/social image; optional replacement with page-specific crop. Missing/empty alt text; decorative is okay only when intentionally empty.","","lazy","","1376","768","222262"
"projects.html","featured/card","/assets/images/projects/project-b-02.webp","1376x768","215x121","356x200","16:9","object-fit:cover; object-position:50% 50%; max-height:none; css:215pxx120.938px; aspect-ratio:auto 1376 / 768","no","no","800x450","90 KB","WebP","WebP q76-82","OPTIONAL REPLACE","Generic legacy project/social image; optional replacement with page-specific crop. Missing/empty alt text; decorative is okay only when intentionally empty.","","lazy","","1376","768","231784"
"projects.html","featured/card","/assets/images/projects/project-b-05.webp","1376x768","215x121","356x200","16:9","object-fit:cover; object-position:50% 50%; max-height:none; css:215pxx120.938px; aspect-ratio:auto 1376 / 768","no","no","800x450","90 KB","WebP","WebP q76-82","OPTIONAL REPLACE","Generic legacy project/social image; optional replacement with page-specific crop. Missing/empty alt text; decorative is okay only when intentionally empty.","","lazy","","1376","768","117850"
"projects.html","featured/card","/assets/images/projects/project-b-08.webp","1376x768","215x121","356x200","16:9","object-fit:cover; object-position:50% 50%; max-height:none; css:215pxx120.938px; aspect-ratio:auto 1376 / 768","no","no","800x450","90 KB","WebP","WebP q76-82","OPTIONAL REPLACE","Generic legacy project/social image; optional replacement with page-specific crop. Missing/empty alt text; decorative is okay only when intentionally empty.","","lazy","","1376","768","112394"
"projects.html","featured/card","/assets/images/projects/project-b-10.webp","1376x768","215x121","356x200","16:9","object-fit:cover; object-position:50% 50%; max-height:none; css:215pxx120.938px; aspect-ratio:auto 1376 / 768","no","no","800x450","90 KB","WebP","WebP q76-82","OPTIONAL REPLACE","Generic legacy project/social image; optional replacement with page-specific crop. Missing/empty alt text; decorative is okay only when intentionally empty.","","lazy","","1376","768","119640"
"projects.html","featured/card","/assets/images/projects/project-b-15.webp","1376x768","215x121","356x200","16:9","object-fit:cover; object-position:50% 50%; max-height:none; css:215pxx120.938px; aspect-ratio:auto 1376 / 768","no","no","800x450","90 KB","WebP","WebP q76-82","OPTIONAL REPLACE","Generic legacy project/social image; optional replacement with page-specific crop. Missing/empty alt text; decorative is okay only when intentionally empty.","","lazy","","1376","768","117412"
"projects.html","featured/card","/assets/images/projects/project-b-17.webp","1376x768","215x121","356x200","16:9","object-fit:cover; object-position:50% 50%; max-height:none; css:215pxx120.938px; aspect-ratio:auto 1376 / 768","no","no","800x450","90 KB","WebP","WebP q76-82","OPTIONAL REPLACE","Generic legacy project/social image; optional replacement with page-specific crop. Missing/empty alt text; decorative is okay only when intentionally empty.","","lazy","","1376","768","121790"
"projects.html","featured/card","/assets/images/generated/esp32-smart-thermostat.webp","1600x900","215x121","356x200","16:9","object-fit:cover; object-position:50% 50%; max-height:none; css:215pxx120.938px; aspect-ratio:auto 1376 / 768","no","no","800x450","90 KB","WebP","WebP q76-82","OPTIONAL REPLACE","Already optimized generated asset; preserve unless crop/content is specifically rejected. Missing/empty alt text; decorative is okay only when intentionally empty.","","lazy","","1376","768","111858"
"projects.html","featured/card","/assets/visuals/projects/thumbs/esp32-wifi-robot-controller-thumb.svg","240x150","215x121","356x200","16:9","object-fit:cover; object-position:50% 50%; max-height:none; css:215pxx120.938px; aspect-ratio:auto 1376 / 768","no","no","800x450","90 KB","WebP","WebP q76-82","OPTIONAL REPLACE","Missing/empty alt text; decorative is okay only when intentionally empty.","","lazy","","1376","768","4671"
"projects.html","featured/card","/assets/images/projects/project-a-01.webp","1376x768","215x121","356x200","16:9","object-fit:cover; object-position:50% 50%; max-height:none; css:215pxx120.938px; aspect-ratio:auto 1376 / 768","no","no","800x450","90 KB","WebP","WebP q76-82","OPTIONAL REPLACE","Generic legacy project/social image; optional replacement with page-specific crop. Missing/empty alt text; decorative is okay only when intentionally empty.","","lazy","","1376","768","124208"
"projects.html","featured/card","/assets/images/projects/project-a-02.webp","1376x768","215x121","356x200","16:9","object-fit:cover; object-position:50% 50%; max-height:none; css:215pxx120.938px; aspect-ratio:auto 1376 / 768","no","no","800x450","90 KB","WebP","WebP q76-82","OPTIONAL REPLACE","Generic legacy project/social image; optional replacement with page-specific crop. Missing/empty alt text; decorative is okay only when intentionally empty.","","lazy","","1376","768","144548"
"projects.html","og:image","/assets/images/og/esp32-project-library.webp","1200x630","0x0","0x0","1.91:1","meta only; no rendered CSS","no","no","1200x630","160 KB","WebP","WebP q78-84 or AVIF q45-55","KEEP","OG ratio matches social standard.","","","","1200","630","48846"
"guides/analog-inputs-reading-real-world.html","hero","/assets/images/guides/generated/analog-input-serial-monitor-1024.webp","1094x615","672x379","358x202","16:9","object-fit:contain; object-position:50% 50%; max-height:none; css:672pxx378.875px; aspect-ratio:auto 1024 / 576","no","no","1200x675","140 KB","WebP","WebP q78-84 or AVIF q45-55","KEEP","Already optimized generated asset; preserve unless crop/content is specifically rejected.","Analog Inputs: Reading the Real World guide illustration","eager","high","1024","576","54808"
"guides/analog-inputs-reading-real-world.html","og:image","/assets/images/og/esp32-engine-home.webp","1200x630","0x0","0x0","1.91:1","meta only; no rendered CSS","no","no","1200x630","160 KB","WebP","WebP q78-84 or AVIF q45-55","KEEP","OG ratio matches social standard.","","","","1200","630","45924"
"guides/analog-inputs.html","hero","/assets/images/academy/academy-mission-10.webp","1803x576","672x216","358x116","16:9","object-fit:contain; object-position:50% 50%; max-height:none; css:672pxx216.031px; aspect-ratio:auto 1024 / 576","no","no","1200x675","140 KB","WebP","WebP q78-84 or AVIF q45-55","KEEP","","Analog Inputs guide illustration","","","1024","576","133554"
"guides/analog-inputs.html","og:image","/assets/images/og/esp32-engine-home.webp","1200x630","0x0","0x0","1.91:1","meta only; no rendered CSS","no","no","1200x630","160 KB","WebP","WebP q78-84 or AVIF q45-55","KEEP","OG ratio matches social standard.","","","","1200","630","45924"
"guides/blink-led-esp32.html","hero","/assets/images/generated/esp32-blink-led-guide.webp","1600x900","672x379","358x202","16:9","object-fit:contain; object-position:50% 50%; max-height:none; css:672pxx378.875px; aspect-ratio:auto 1024 / 576","hero+og:image","yes: visible 16:9 asset plus dedicated 1200x630 OG crop","1200x675","140 KB","WebP","WebP q78-84 or AVIF q45-55","KEEP","Already optimized generated asset; preserve unless crop/content is specifically rejected.","Blink an LED with ESP32 guide illustration","","","1024","576","93104"
"guides/blink-led-esp32.html","section illustration","/assets/visuals/guides/wiring/blink-led-wiring-esp32.svg","unknown","720x2","358x2","3:2","object-fit:fill; object-position:50% 50%; max-height:none; css:720pxx2px; aspect-ratio:auto","no","no","1200x800","160 KB","SVG preferred","SVG preferred for diagrams; PNG only for transparency/raster required","KEEP","Technical diagram/vector asset; do not replace with AI art.","Breadboard wiring diagram — ESP32 GPIO 2 through a 220 ohm resistor to the LED long leg, LED short leg to GND","lazy","","","","4468"
"guides/blink-led-esp32.html","og:image","/assets/images/generated/esp32-blink-led-guide.webp","1600x900","0x0","0x0","1.91:1","meta only; no rendered CSS","hero+og:image","no","1200x630","160 KB","WebP","WebP q78-84 or AVIF q45-55","KEEP","OG ratio matches social standard.","","","","1200","630","93104"
"guides/button-led-control.html","hero","/assets/images/academy/academy-mission-04.webp","1376x768","672x376","358x201","16:9","object-fit:contain; object-position:50% 50%; max-height:none; css:672pxx375.953px; aspect-ratio:auto 1024 / 576","no","no","1200x675","140 KB","WebP","WebP q78-84 or AVIF q45-55","KEEP","","Button Controls LED with ESP32 guide illustration","","","1024","576","145956"
"guides/button-led-control.html","og:image","/assets/images/og/esp32-engine-home.webp","1200x630","0x0","0x0","1.91:1","meta only; no rendered CSS","no","no","1200x630","160 KB","WebP","WebP q78-84 or AVIF q45-55","KEEP","OG ratio matches social standard.","","","","1200","630","45924"
"guides/connect-oled-esp32.html","hero","/assets/images/generated/esp32-connect-oled-guide.webp","1600x900","672x379","358x202","16:9","object-fit:contain; object-position:50% 50%; max-height:none; css:672pxx378.875px; aspect-ratio:auto 1024 / 576","hero+og:image","yes: visible 16:9 asset plus dedicated 1200x630 OG crop","1200x675","140 KB","WebP","WebP q78-84 or AVIF q45-55","KEEP","Already optimized generated asset; preserve unless crop/content is specifically rejected.","Connect OLED Display with ESP32 guide illustration","","","1024","576","93116"
"guides/connect-oled-esp32.html","og:image","/assets/images/generated/esp32-connect-oled-guide.webp","1600x900","0x0","0x0","1.91:1","meta only; no rendered CSS","hero+og:image","no","1200x630","160 KB","WebP","WebP q78-84 or AVIF q45-55","KEEP","OG ratio matches social standard.","","","","1200","630","93116"
"guides/debouncing-buttons.html","hero","/assets/images/academy/academy-mission-07.webp","1376x768","672x376","358x201","16:9","object-fit:contain; object-position:50% 50%; max-height:none; css:672pxx375.953px; aspect-ratio:auto 1024 / 576","no","no","1200x675","140 KB","WebP","WebP q78-84 or AVIF q45-55","KEEP","","Button Debouncing guide illustration","","","1024","576","147252"
"guides/debouncing-buttons.html","og:image","/assets/images/og/esp32-engine-home.webp","1200x630","0x0","0x0","1.91:1","meta only; no rendered CSS","no","no","1200x630","160 KB","WebP","WebP q78-84 or AVIF q45-55","KEEP","OG ratio matches social standard.","","","","1200","630","45924"
"guides/digital-inputs-floating-pins.html","hero","/assets/images/academy/academy-mission-05.webp","1376x768","672x376","358x201","16:9","object-fit:contain; object-position:50% 50%; max-height:none; css:672pxx375.953px; aspect-ratio:auto 1024 / 576","no","no","1200x675","140 KB","WebP","WebP q78-84 or AVIF q45-55","KEEP","","Understanding Digital Inputs and Floating Pins guide illustration","","","1024","576","145702"
"guides/digital-inputs-floating-pins.html","og:image","/assets/images/og/esp32-engine-home.webp","1200x630","0x0","0x0","1.91:1","meta only; no rendered CSS","no","no","1200x630","160 KB","WebP","WebP q78-84 or AVIF q45-55","KEEP","OG ratio matches social standard.","","","","1200","630","45924"
"guides/environmental-sensors.html","hero","/assets/images/guides/generated/environmental-sensor-modules-1024.webp","1094x615","672x379","358x202","16:9","object-fit:contain; object-position:50% 50%; max-height:none; css:672pxx378.875px; aspect-ratio:auto 1024 / 576","no","no","1200x675","140 KB","WebP","WebP q78-84 or AVIF q45-55","KEEP","Already optimized generated asset; preserve unless crop/content is specifically rejected.","Reading Environmental Sensors guide illustration","eager","high","1024","576","35702"
"guides/environmental-sensors.html","og:image","/assets/images/og/esp32-engine-home.webp","1200x630","0x0","0x0","1.91:1","meta only; no rendered CSS","no","no","1200x630","160 KB","WebP","WebP q78-84 or AVIF q45-55","KEEP","OG ratio matches social standard.","","","","1200","630","45924"
"guides/i2c-communication.html","hero","/assets/images/academy/academy-mission-12.webp","1376x768","672x376","358x201","16:9","object-fit:contain; object-position:50% 50%; max-height:none; css:672pxx375.953px; aspect-ratio:auto 1024 / 576","no","no","1200x675","140 KB","WebP","WebP q78-84 or AVIF q45-55","KEEP","","I2C Communication guide illustration","","","1024","576","119960"
"guides/i2c-communication.html","og:image","/assets/images/og/esp32-engine-home.webp","1200x630","0x0","0x0","1.91:1","meta only; no rendered CSS","no","no","1200x630","160 KB","WebP","WebP q78-84 or AVIF q45-55","KEEP","OG ratio matches social standard.","","","","1200","630","45924"
"guides/installing-arduino-ide-esp32.html","hero","/assets/images/guides/generated/arduino-ide-esp32-setup-1024.webp","1094x615","1200x676","358x202","16:9","object-fit:contain; object-position:50% 50%; max-height:none; css:1200pxx675.875px; aspect-ratio:auto 1024 / 576","no","no","1200x675","140 KB","WebP","WebP q78-84 or AVIF q45-55","KEEP","Already optimized generated asset; preserve unless crop/content is specifically rejected.","Installing Arduino IDE for ESP32: Complete Setup Guide guide illustration","eager","high","1024","576","32762"
"guides/installing-arduino-ide-esp32.html","og:image","/assets/images/og/esp32-engine-home.webp","1200x630","0x0","0x0","1.91:1","meta only; no rendered CSS","no","no","1200x630","160 KB","WebP","WebP q78-84 or AVIF q45-55","KEEP","OG ratio matches social standard.","","","","1200","630","45924"
"guides/multiple-buttons-state-detection.html","hero","/assets/images/academy/academy-mission-08.webp","1376x768","672x376","358x201","16:9","object-fit:contain; object-position:50% 50%; max-height:none; css:672pxx375.953px; aspect-ratio:auto 1024 / 576","no","no","1200x675","140 KB","WebP","WebP q78-84 or AVIF q45-55","KEEP","","Multiple Buttons & State Detection guide illustration","","","1024","576","155142"
"guides/multiple-buttons-state-detection.html","og:image","/assets/images/og/esp32-engine-home.webp","1200x630","0x0","0x0","1.91:1","meta only; no rendered CSS","no","no","1200x630","160 KB","WebP","WebP q78-84 or AVIF q45-55","KEEP","OG ratio matches social standard.","","","","1200","630","45924"
"guides/oled-display-esp32.html","hero","/assets/images/academy/academy-mission-11.webp","1376x768","672x376","358x201","16:9","object-fit:contain; object-position:50% 50%; max-height:none; css:672pxx375.953px; aspect-ratio:auto 1024 / 576","no","no","1200x675","140 KB","WebP","WebP q78-84 or AVIF q45-55","KEEP","","OLED Display with ESP32 guide illustration","","","1024","576","114746"
"guides/oled-display-esp32.html","og:image","/assets/images/og/esp32-engine-home.webp","1200x630","0x0","0x0","1.91:1","meta only; no rendered CSS","no","no","1200x630","160 KB","WebP","WebP q78-84 or AVIF q45-55","KEEP","OG ratio matches social standard.","","","","1200","630","45924"
"guides/pull-up-vs-pull-down-resistors.html","hero","/assets/images/academy/academy-mission-06.webp","1376x768","672x376","358x201","16:9","object-fit:contain; object-position:50% 50%; max-height:none; css:672pxx375.953px; aspect-ratio:auto 1024 / 576","no","no","1200x675","140 KB","WebP","WebP q78-84 or AVIF q45-55","KEEP","","Pull-up vs Pull-down Resistors guide illustration","","","1024","576","154102"
"guides/pull-up-vs-pull-down-resistors.html","og:image","/assets/images/og/esp32-engine-home.webp","1200x630","0x0","0x0","1.91:1","meta only; no rendered CSS","no","no","1200x630","160 KB","WebP","WebP q78-84 or AVIF q45-55","KEEP","OG ratio matches social standard.","","","","1200","630","45924"
"guides/pwm-fundamentals.html","hero","/assets/images/academy/academy-mission-09.webp","1376x768","672x376","358x201","16:9","object-fit:contain; object-position:50% 50%; max-height:none; css:672pxx375.953px; aspect-ratio:auto 1024 / 576","no","no","1200x675","140 KB","WebP","WebP q78-84 or AVIF q45-55","KEEP","","PWM Fundamentals guide illustration","","","1024","576","112126"
"guides/pwm-fundamentals.html","og:image","/assets/images/og/esp32-engine-home.webp","1200x630","0x0","0x0","1.91:1","meta only; no rendered CSS","no","no","1200x630","160 KB","WebP","WebP q78-84 or AVIF q45-55","KEEP","OG ratio matches social standard.","","","","1200","630","45924"
"guides/read-temperature-dht22.html","hero","/assets/images/guides/generated/temperature-sensor-serial-output-1024.webp","1094x615","672x379","358x202","16:9","object-fit:contain; object-position:50% 50%; max-height:none; css:672pxx378.875px; aspect-ratio:auto 1024 / 576","no","no","1200x675","140 KB","WebP","WebP q78-84 or AVIF q45-55","KEEP","Already optimized generated asset; preserve unless crop/content is specifically rejected.","Read Temperature with DHT22 guide illustration","eager","high","1024","576","38902"
"guides/read-temperature-dht22.html","og:image","/assets/images/og/esp32-engine-home.webp","1200x630","0x0","0x0","1.91:1","meta only; no rendered CSS","no","no","1200x630","160 KB","WebP","WebP q78-84 or AVIF q45-55","KEEP","OG ratio matches social standard.","","","","1200","630","45924"
"guides/reading-analog-sensors.html","hero","/assets/images/guides/generated/analog-sensor-bench-1024.webp","1094x615","672x379","358x202","16:9","object-fit:contain; object-position:50% 50%; max-height:none; css:672pxx378.875px; aspect-ratio:auto 1024 / 576","no","no","1200x675","140 KB","WebP","WebP q78-84 or AVIF q45-55","KEEP","Already optimized generated asset; preserve unless crop/content is specifically rejected.","Reading Analog Sensors guide illustration","eager","high","1024","576","33816"
"guides/reading-analog-sensors.html","og:image","/assets/images/og/esp32-engine-home.webp","1200x630","0x0","0x0","1.91:1","meta only; no rendered CSS","no","no","1200x630","160 KB","WebP","WebP q78-84 or AVIF q45-55","KEEP","OG ratio matches social standard.","","","","1200","630","45924"
"guides/smart-environment-monitor-capstone.html","hero","/assets/images/guides/generated/smart-environment-dashboard-1024.webp","1094x615","672x379","358x202","16:9","object-fit:contain; object-position:50% 50%; max-height:none; css:672pxx378.875px; aspect-ratio:auto 1024 / 576","no","no","1200x675","140 KB","WebP","WebP q78-84 or AVIF q45-55","KEEP","Already optimized generated asset; preserve unless crop/content is specifically rejected.","Smart Environment Monitor guide illustration","eager","high","1024","576","39048"
"guides/smart-environment-monitor-capstone.html","og:image","/assets/images/og/esp32-engine-home.webp","1200x630","0x0","0x0","1.91:1","meta only; no rendered CSS","no","no","1200x630","160 KB","WebP","WebP q78-84 or AVIF q45-55","KEEP","OG ratio matches social standard.","","","","1200","630","45924"
"guides/what-is-esp32.html","hero","/assets/images/guides/generated/what-is-esp32-overview-1024.webp","1094x615","1200x676","358x202","16:9","object-fit:contain; object-position:50% 50%; max-height:none; css:1200pxx675.875px; aspect-ratio:auto 1024 / 576","no","no","1200x675","140 KB","WebP","WebP q78-84 or AVIF q45-55","KEEP","Already optimized generated asset; preserve unless crop/content is specifically rejected.","What Is ESP32? Complete Beginner's Guide guide illustration","eager","high","1024","576","44202"
"guides/what-is-esp32.html","og:image","/assets/images/og/esp32-engine-home.webp","1200x630","0x0","0x0","1.91:1","meta only; no rendered CSS","no","no","1200x630","160 KB","WebP","WebP q78-84 or AVIF q45-55","KEEP","OG ratio matches social standard.","","","","1200","630","45924"
"projects/esp32-ac-power-monitor.html","section illustration","/assets/visuals/projects/wiring/esp32-ac-power-monitor-wiring.svg","unknown","720x481","358x239","3:2","object-fit:fill; object-position:50% 50%; max-height:none; css:720pxx480.656px; aspect-ratio:auto 1200 / 800","no","no","1200x800","160 KB","SVG preferred","SVG preferred for diagrams; PNG only for transparency/raster required","KEEP","Technical diagram/vector asset; do not replace with AI art.","Build an Isolated AC Current Monitor Prototype wiring diagram","lazy","","1200","800","4266"
"projects/esp32-ac-power-monitor.html","og:image","/assets/images/projects/project-a-01.webp","1376x768","0x0","0x0","1.91:1","meta only; no rendered CSS","no","no","1200x630","160 KB","WebP","WebP q78-84 or AVIF q45-55","KEEP","OG ratio matches social standard.","","","","1200","630","124208"
"projects/esp32-ai-object-detector.html","section illustration","/assets/visuals/projects/wiring/esp32-ai-object-detector-wiring.svg","unknown","720x481","358x239","3:2","object-fit:fill; object-position:50% 50%; max-height:none; css:720pxx480.656px; aspect-ratio:auto 1200 / 800","no","no","1200x800","160 KB","SVG preferred","SVG preferred for diagrams; PNG only for transparency/raster required","KEEP","Technical diagram/vector asset; do not replace with AI art.","Build an ESP32-CAM Color Object Detector Demo wiring diagram","lazy","","1200","800","5159"
"projects/esp32-ai-object-detector.html","og:image","/assets/images/projects/project-a-02.webp","1376x768","0x0","0x0","1.91:1","meta only; no rendered CSS","no","no","1200x630","160 KB","WebP","WebP q78-84 or AVIF q45-55","KEEP","OG ratio matches social standard.","","","","1200","630","144548"
"projects/esp32-air-quality-monitor.html","section illustration","/assets/visuals/projects/wiring/esp32-air-quality-monitor-wiring.svg","unknown","720x481","358x239","3:2","object-fit:fill; object-position:50% 50%; max-height:none; css:720pxx480.656px; aspect-ratio:auto 1200 / 800","no","no","1200x800","160 KB","SVG preferred","SVG preferred for diagrams; PNG only for transparency/raster required","KEEP","Technical diagram/vector asset; do not replace with AI art.","ESP32 Air Quality Monitor wiring diagram","lazy","","1200","800","4008"
"projects/esp32-air-quality-monitor.html","og:image","/assets/images/projects/project-a-03.webp","1376x768","0x0","0x0","1.91:1","meta only; no rendered CSS","no","no","1200x630","160 KB","WebP","WebP q78-84 or AVIF q45-55","KEEP","OG ratio matches social standard.","","","","1200","630","150226"
"projects/esp32-ble-beacon.html","section illustration","/assets/visuals/projects/wiring/esp32-ble-beacon-wiring.svg","300x127","720x305","358x239","3:2","object-fit:fill; object-position:50% 50%; max-height:none; css:720pxx305.141px; aspect-ratio:auto 1200 / 800","no","no","1200x800","160 KB","SVG preferred","SVG preferred for diagrams; PNG only for transparency/raster required","OPTIONAL REPLACE","Technical diagram/vector asset; do not replace with AI art. Source is slightly smaller than desktop render; use a larger source for crisp high-DPI displays.","ESP32 BLE Beacon wiring diagram","lazy","","1200","800","2212"
"projects/esp32-ble-beacon.html","og:image","/assets/images/projects/project-a-04.webp","1376x768","0x0","0x0","1.91:1","meta only; no rendered CSS","no","no","1200x630","160 KB","WebP","WebP q78-84 or AVIF q45-55","KEEP","OG ratio matches social standard.","","","","1200","630","169942"
"projects/esp32-cam-face-detection.html","section illustration","/assets/visuals/projects/wiring/esp32-cam-face-detection-wiring.svg","unknown","720x481","358x239","3:2","object-fit:fill; object-position:50% 50%; max-height:none; css:720pxx480.656px; aspect-ratio:auto 1200 / 800","no","no","1200x800","160 KB","SVG preferred","SVG preferred for diagrams; PNG only for transparency/raster required","KEEP","Technical diagram/vector asset; do not replace with AI art.","Build an ESP32-CAM Face Detection Privacy Demo wiring diagram","lazy","","1200","800","4682"
"projects/esp32-cam-face-detection.html","og:image","/assets/images/projects/project-a-05.webp","1376x768","0x0","0x0","1.91:1","meta only; no rendered CSS","no","no","1200x630","160 KB","WebP","WebP q78-84 or AVIF q45-55","KEEP","OG ratio matches social standard.","","","","1200","630","172766"
"projects/esp32-cam-qr-scanner.html","section illustration","/assets/visuals/projects/wiring/esp32-cam-qr-scanner-wiring.svg","unknown","720x481","358x239","3:2","object-fit:fill; object-position:50% 50%; max-height:none; css:720pxx480.656px; aspect-ratio:auto 1200 / 800","no","no","1200x800","160 KB","SVG preferred","SVG preferred for diagrams; PNG only for transparency/raster required","KEEP","Technical diagram/vector asset; do not replace with AI art.","ESP32-CAM QR Code Scanner wiring diagram","lazy","","1200","800","6518"
"projects/esp32-cam-qr-scanner.html","og:image","/assets/images/projects/project-a-06.webp","1376x768","0x0","0x0","1.91:1","meta only; no rendered CSS","no","no","1200x630","160 KB","WebP","WebP q78-84 or AVIF q45-55","KEEP","OG ratio matches social standard.","","","","1200","630","180690"
"projects/esp32-camera-capture-server.html","hero","/assets/images/generated/esp32-camera-capture-server.webp","1600x900","621x348","52x28","16:9","object-fit:cover; object-position:50% 50%; max-height:none; css:620.656pxx348.25px; aspect-ratio:auto","hero+og:image","yes: visible 16:9 asset plus dedicated 1200x630 OG crop","1600x900","220 KB","WebP","WebP q80-86 or AVIF q48-58","OPTIONAL REPLACE","Already optimized generated asset; preserve unless crop/content is specifically rejected. Missing/empty alt text; decorative is okay only when intentionally empty.","","eager","","","","100748"
"projects/esp32-camera-capture-server.html","og:image","/assets/images/generated/esp32-camera-capture-server.webp","1600x900","0x0","0x0","1.91:1","meta only; no rendered CSS","hero+og:image","no","1200x630","160 KB","WebP","WebP q78-84 or AVIF q45-55","KEEP","OG ratio matches social standard.","","","","1200","630","100748"
"projects/esp32-cnc-controller.html","section illustration","/assets/visuals/projects/wiring/esp32-cnc-controller-wiring.svg","unknown","720x481","358x239","3:2","object-fit:fill; object-position:50% 50%; max-height:none; css:720pxx480.656px; aspect-ratio:auto 1200 / 800","no","no","1200x800","160 KB","SVG preferred","SVG preferred for diagrams; PNG only for transparency/raster required","KEEP","Technical diagram/vector asset; do not replace with AI art.","Build a Low-Voltage CNC Motion Controller Demo wiring diagram","lazy","","1200","800","5071"
"projects/esp32-cnc-controller.html","og:image","/assets/images/projects/project-a-08.webp","1376x768","0x0","0x0","1.91:1","meta only; no rendered CSS","no","no","1200x630","160 KB","WebP","WebP q78-84 or AVIF q45-55","KEEP","OG ratio matches social standard.","","","","1200","630","187674"
"projects/esp32-digital-piano.html","section illustration","/assets/visuals/projects/wiring/esp32-digital-piano-wiring.svg","unknown","720x481","358x239","3:2","object-fit:fill; object-position:50% 50%; max-height:none; css:720pxx480.656px; aspect-ratio:auto 1200 / 800","no","no","1200x800","160 KB","SVG preferred","SVG preferred for diagrams; PNG only for transparency/raster required","KEEP","Technical diagram/vector asset; do not replace with AI art.","ESP32 Digital Piano wiring diagram","lazy","","1200","800","6497"
"projects/esp32-digital-piano.html","og:image","/assets/images/projects/project-a-09.webp","1376x768","0x0","0x0","1.91:1","meta only; no rendered CSS","no","no","1200x630","160 KB","WebP","WebP q78-84 or AVIF q45-55","KEEP","OG ratio matches social standard.","","","","1200","630","190068"
"projects/esp32-distance-monitoring-system.html","og:image","/assets/images/projects/project-a-10.webp","1376x768","0x0","0x0","1.91:1","meta only; no rendered CSS","no","no","1200x630","160 KB","WebP","WebP q78-84 or AVIF q45-55","KEEP","OG ratio matches social standard.","","","","1200","630","196222"
"projects/esp32-ecg-monitor.html","section illustration","/assets/visuals/projects/wiring/esp32-ecg-monitor-wiring.svg","unknown","720x481","358x239","3:2","object-fit:fill; object-position:50% 50%; max-height:none; css:720pxx480.656px; aspect-ratio:auto 1200 / 800","no","no","1200x800","160 KB","SVG preferred","SVG preferred for diagrams; PNG only for transparency/raster required","KEEP","Technical diagram/vector asset; do not replace with AI art.","Build an Educational ECG Waveform Viewer wiring diagram","lazy","","1200","800","5260"
"projects/esp32-ecg-monitor.html","og:image","/assets/images/projects/project-a-11.webp","1376x768","0x0","0x0","1.91:1","meta only; no rendered CSS","no","no","1200x630","160 KB","WebP","WebP q78-84 or AVIF q45-55","KEEP","OG ratio matches social standard.","","","","1200","630","199144"
"projects/esp32-fire-alarm-system.html","section illustration","/assets/visuals/projects/wiring/esp32-fire-alarm-system-wiring.svg","unknown","720x481","358x239","3:2","object-fit:fill; object-position:50% 50%; max-height:none; css:720pxx480.656px; aspect-ratio:auto 1200 / 800","no","no","1200x800","160 KB","SVG preferred","SVG preferred for diagrams; PNG only for transparency/raster required","KEEP","Technical diagram/vector asset; do not replace with AI art.","ESP32 Fire Alarm System wiring diagram","lazy","","1200","800","5546"
"projects/esp32-fire-alarm-system.html","og:image","/assets/images/projects/project-a-12.webp","1376x768","0x0","0x0","1.91:1","meta only; no rendered CSS","no","no","1200x630","160 KB","WebP","WebP q78-84 or AVIF q45-55","KEEP","OG ratio matches social standard.","","","","1200","630","201930"
"projects/esp32-gesture-recognition.html","section illustration","/assets/visuals/projects/wiring/esp32-gesture-recognition-wiring.svg","unknown","720x481","358x239","3:2","object-fit:fill; object-position:50% 50%; max-height:none; css:720pxx480.656px; aspect-ratio:auto 1200 / 800","no","no","1200x800","160 KB","SVG preferred","SVG preferred for diagrams; PNG only for transparency/raster required","KEEP","Technical diagram/vector asset; do not replace with AI art.","Build an APDS-9960 Gesture Control Demo wiring diagram","lazy","","1200","800","4853"
"projects/esp32-gesture-recognition.html","og:image","/assets/images/projects/project-a-13.webp","1376x768","0x0","0x0","1.91:1","meta only; no rendered CSS","no","no","1200x630","160 KB","WebP","WebP q78-84 or AVIF q45-55","KEEP","OG ratio matches social standard.","","","","1200","630","203780"
"projects/esp32-gps-tracker.html","section illustration","/assets/visuals/projects/wiring/esp32-gps-tracker-wiring.svg","unknown","720x481","358x239","3:2","object-fit:fill; object-position:50% 50%; max-height:none; css:720pxx480.656px; aspect-ratio:auto 1200 / 800","no","no","1200x800","160 KB","SVG preferred","SVG preferred for diagrams; PNG only for transparency/raster required","KEEP","Technical diagram/vector asset; do not replace with AI art.","Build a Local NEO-6M GPS Reader wiring diagram","lazy","","1200","800","3562"
"projects/esp32-gps-tracker.html","og:image","/assets/images/projects/project-a-14.webp","1376x768","0x0","0x0","1.91:1","meta only; no rendered CSS","no","no","1200x630","160 KB","WebP","WebP q78-84 or AVIF q45-55","KEEP","OG ratio matches social standard.","","","","1200","630","208790"
"projects/esp32-greenhouse-automation-controller.html","section illustration","/assets/visuals/projects/wiring/esp32-greenhouse-automation-controller-wiring.svg","unknown","720x481","358x239","3:2","object-fit:fill; object-position:50% 50%; max-height:none; css:720pxx480.656px; aspect-ratio:auto 1200 / 800","no","no","1200x800","160 KB","SVG preferred","SVG preferred for diagrams; PNG only for transparency/raster required","KEEP","Technical diagram/vector asset; do not replace with AI art.","Build a Low-Voltage Greenhouse Vent Controller wiring diagram","lazy","","1200","800","4084"
"projects/esp32-greenhouse-automation-controller.html","og:image","/assets/images/projects/project-a-15.webp","1376x768","0x0","0x0","1.91:1","meta only; no rendered CSS","no","no","1200x630","160 KB","WebP","WebP q78-84 or AVIF q45-55","KEEP","OG ratio matches social standard.","","","","1200","630","204214"
"projects/esp32-home-climate-automation.html","hero","/assets/visuals/projects/heroes/esp32-home-climate-automation-hero.svg","267x150","621x348","52x28","16:9","object-fit:cover; object-position:50% 50%; max-height:none; css:620.656pxx348.25px; aspect-ratio:auto","no","no","1600x900","220 KB","WebP","WebP q80-86 or AVIF q48-58","OPTIONAL REPLACE","Lightweight project hero illustration; replace only with a stronger project-specific image at the same ratio. Source is slightly smaller than desktop render; use a larger source for crisp high-DPI displays. Missing/empty alt text; decorative is okay only when intentionally empty.","","eager","","","","4614"
"projects/esp32-home-climate-automation.html","section illustration","/assets/visuals/projects/wiring/esp32-home-climate-automation-wiring.svg","unknown","720x481","358x239","3:2","object-fit:fill; object-position:50% 50%; max-height:none; css:720pxx480.656px; aspect-ratio:auto 1200 / 800","no","no","1200x800","160 KB","SVG preferred","SVG preferred for diagrams; PNG only for transparency/raster required","KEEP","Technical diagram/vector asset; do not replace with AI art.","ESP32 Home Climate Automation wiring diagram","lazy","","1200","800","3240"
"projects/esp32-home-climate-automation.html","og:image","/assets/images/projects/project-a-16.webp","1376x768","0x0","0x0","1.91:1","meta only; no rendered CSS","no","no","1200x630","160 KB","WebP","WebP q78-84 or AVIF q45-55","KEEP","OG ratio matches social standard.","","","","1200","630","218516"
"projects/esp32-iot-weather-station.html","hero","/assets/images/generated/esp32-iot-weather-station.webp","1600x900","621x348","52x28","16:9","object-fit:cover; object-position:50% 50%; max-height:none; css:620.656pxx348.25px; aspect-ratio:auto","hero+og:image","yes: visible 16:9 asset plus dedicated 1200x630 OG crop","1600x900","220 KB","WebP","WebP q80-86 or AVIF q48-58","OPTIONAL REPLACE","Already optimized generated asset; preserve unless crop/content is specifically rejected. Missing/empty alt text; decorative is okay only when intentionally empty.","","eager","","","","116070"
"projects/esp32-iot-weather-station.html","section illustration","/assets/visuals/projects/wiring/esp32-iot-weather-station-wiring.svg","unknown","720x481","358x239","3:2","object-fit:fill; object-position:50% 50%; max-height:none; css:720pxx480.656px; aspect-ratio:auto 1200 / 800","no","no","1200x800","160 KB","SVG preferred","SVG preferred for diagrams; PNG only for transparency/raster required","KEEP","Technical diagram/vector asset; do not replace with AI art.","ESP32 IoT Weather Station wiring diagram","lazy","","1200","800","3717"
"projects/esp32-iot-weather-station.html","og:image","/assets/images/generated/esp32-iot-weather-station.webp","1600x900","0x0","0x0","1.91:1","meta only; no rendered CSS","hero+og:image","no","1200x630","160 KB","WebP","WebP q78-84 or AVIF q45-55","KEEP","OG ratio matches social standard.","","","","1200","630","116070"
"projects/esp32-ir-remote-control.html","section illustration","/assets/visuals/projects/wiring/esp32-ir-remote-control-wiring.svg","unknown","720x481","358x239","3:2","object-fit:fill; object-position:50% 50%; max-height:none; css:720pxx480.656px; aspect-ratio:auto 1200 / 800","no","no","1200x800","160 KB","SVG preferred","SVG preferred for diagrams; PNG only for transparency/raster required","KEEP","Technical diagram/vector asset; do not replace with AI art.","Build an ESP32 IR Learning Remote Demo wiring diagram","lazy","","1200","800","3484"
"projects/esp32-ir-remote-control.html","og:image","/assets/images/projects/project-a-18.webp","1376x768","0x0","0x0","1.91:1","meta only; no rendered CSS","no","no","1200x630","160 KB","WebP","WebP q78-84 or AVIF q45-55","KEEP","OG ratio matches social standard.","","","","1200","630","222984"
"projects/esp32-learning-trainer.html","section illustration","/assets/visuals/projects/wiring/esp32-learning-trainer-wiring.svg","300x147","720x353","358x239","3:2","object-fit:fill; object-position:50% 50%; max-height:none; css:720pxx353.016px; aspect-ratio:auto 1200 / 800","no","no","1200x800","160 KB","SVG preferred","SVG preferred for diagrams; PNG only for transparency/raster required","OPTIONAL REPLACE","Technical diagram/vector asset; do not replace with AI art. Source is slightly smaller than desktop render; use a larger source for crisp high-DPI displays.","ESP32 Learning Trainer Board wiring diagram","lazy","","1200","800","3877"
"projects/esp32-learning-trainer.html","og:image","/assets/images/projects/project-a-19.webp","1376x768","0x0","0x0","1.91:1","meta only; no rendered CSS","no","no","1200x630","160 KB","WebP","WebP q78-84 or AVIF q45-55","KEEP","OG ratio matches social standard.","","","","1200","630","224704"
"projects/esp32-led-matrix-display.html","section illustration","/assets/visuals/projects/wiring/esp32-led-matrix-display-wiring.svg","300x140","720x337","358x239","3:2","object-fit:fill; object-position:50% 50%; max-height:none; css:720pxx337.062px; aspect-ratio:auto 1200 / 800","no","no","1200x800","160 KB","SVG preferred","SVG preferred for diagrams; PNG only for transparency/raster required","OPTIONAL REPLACE","Technical diagram/vector asset; do not replace with AI art. Source is slightly smaller than desktop render; use a larger source for crisp high-DPI displays.","ESP32 LED Matrix Display wiring diagram","lazy","","1200","800","4020"
"projects/esp32-led-matrix-display.html","og:image","/assets/images/projects/project-a-20.webp","1376x768","0x0","0x0","1.91:1","meta only; no rendered CSS","no","no","1200x630","160 KB","WebP","WebP q78-84 or AVIF q45-55","KEEP","OG ratio matches social standard.","","","","1200","630","230432"
"projects/esp32-lightning-detector.html","section illustration","/assets/visuals/projects/wiring/esp32-lightning-detector-wiring.svg","unknown","720x481","358x239","3:2","object-fit:fill; object-position:50% 50%; max-height:none; css:720pxx480.656px; aspect-ratio:auto 1200 / 800","no","no","1200x800","160 KB","SVG preferred","SVG preferred for diagrams; PNG only for transparency/raster required","KEEP","Technical diagram/vector asset; do not replace with AI art.","Build an Educational Lightning Sensor Demo wiring diagram","lazy","","1200","800","4559"
"projects/esp32-lightning-detector.html","og:image","/assets/images/projects/project-b-01.webp","1376x768","0x0","0x0","1.91:1","meta only; no rendered CSS","no","no","1200x630","160 KB","WebP","WebP q78-84 or AVIF q45-55","KEEP","OG ratio matches social standard.","","","","1200","630","223672"
"projects/esp32-line-following-robot.html","hero","/assets/images/generated/esp32-line-following-robot.webp","1600x900","621x348","52x28","16:9","object-fit:cover; object-position:50% 50%; max-height:none; css:620.656pxx348.25px; aspect-ratio:auto","hero+og:image","yes: visible 16:9 asset plus dedicated 1200x630 OG crop","1600x900","220 KB","WebP","WebP q80-86 or AVIF q48-58","OPTIONAL REPLACE","Already optimized generated asset; preserve unless crop/content is specifically rejected. Missing/empty alt text; decorative is okay only when intentionally empty.","","eager","","","","87970"
"projects/esp32-line-following-robot.html","section illustration","/assets/visuals/projects/wiring/esp32-line-following-robot-wiring.svg","unknown","720x481","358x239","3:2","object-fit:fill; object-position:50% 50%; max-height:none; css:720pxx480.656px; aspect-ratio:auto 1200 / 800","no","no","1200x800","160 KB","SVG preferred","SVG preferred for diagrams; PNG only for transparency/raster required","KEEP","Technical diagram/vector asset; do not replace with AI art.","ESP32 Line Following Robot wiring diagram","lazy","","1200","800","3997"
"projects/esp32-line-following-robot.html","og:image","/assets/images/generated/esp32-line-following-robot.webp","1600x900","0x0","0x0","1.91:1","meta only; no rendered CSS","hero+og:image","no","1200x630","160 KB","WebP","WebP q78-84 or AVIF q45-55","KEEP","OG ratio matches social standard.","","","","1200","630","87970"
"projects/esp32-lora-remote-sensor-node.html","section illustration","/assets/visuals/projects/wiring/esp32-lora-remote-sensor-node-wiring.svg","unknown","720x481","358x239","3:2","object-fit:fill; object-position:50% 50%; max-height:none; css:720pxx480.656px; aspect-ratio:auto 1200 / 800","no","no","1200x800","160 KB","SVG preferred","SVG preferred for diagrams; PNG only for transparency/raster required","KEEP","Technical diagram/vector asset; do not replace with AI art.","ESP32 LoRa Remote Sensor Node (Point-to-Point) wiring diagram","lazy","","1200","800","4431"
"projects/esp32-lora-remote-sensor-node.html","og:image","/assets/images/projects/project-b-03.webp","1376x768","0x0","0x0","1.91:1","meta only; no rendered CSS","no","no","1200x630","160 KB","WebP","WebP q78-84 or AVIF q45-55","KEEP","OG ratio matches social standard.","","","","1200","630","209352"
"projects/esp32-machine-monitoring-node.html","section illustration","/assets/visuals/projects/wiring/esp32-machine-monitoring-node-wiring.svg","300x140","720x337","358x239","3:2","object-fit:fill; object-position:50% 50%; max-height:none; css:720pxx337.062px; aspect-ratio:auto 1200 / 800","no","no","1200x800","160 KB","SVG preferred","SVG preferred for diagrams; PNG only for transparency/raster required","OPTIONAL REPLACE","Technical diagram/vector asset; do not replace with AI art. Source is slightly smaller than desktop render; use a larger source for crisp high-DPI displays.","ESP32 Machine Monitoring Node wiring diagram","lazy","","1200","800","3746"
"projects/esp32-machine-monitoring-node.html","og:image","/assets/images/projects/project-b-04.webp","1376x768","0x0","0x0","1.91:1","meta only; no rendered CSS","no","no","1200x630","160 KB","WebP","WebP q78-84 or AVIF q45-55","KEEP","OG ratio matches social standard.","","","","1200","630","117722"
"projects/esp32-motion-security-alert.html","hero","/assets/visuals/projects/heroes/esp32-motion-security-alert-hero.svg","267x150","621x348","52x28","16:9","object-fit:cover; object-position:50% 50%; max-height:none; css:620.656pxx348.25px; aspect-ratio:auto","no","no","1600x900","220 KB","WebP","WebP q80-86 or AVIF q48-58","OPTIONAL REPLACE","Lightweight project hero illustration; replace only with a stronger project-specific image at the same ratio. Source is slightly smaller than desktop render; use a larger source for crisp high-DPI displays. Missing/empty alt text; decorative is okay only when intentionally empty.","","eager","","","","4624"
"projects/esp32-motion-security-alert.html","section illustration","/assets/visuals/projects/wiring/esp32-motion-security-alert-wiring.svg","unknown","720x481","358x239","3:2","object-fit:fill; object-position:50% 50%; max-height:none; css:720pxx480.656px; aspect-ratio:auto 1200 / 800","no","no","1200x800","160 KB","SVG preferred","SVG preferred for diagrams; PNG only for transparency/raster required","KEEP","Technical diagram/vector asset; do not replace with AI art.","ESP32 Motion Security Alert wiring diagram","lazy","","1200","800","3785"
"projects/esp32-motion-security-alert.html","og:image","/assets/images/projects/project-b-05.webp","1376x768","0x0","0x0","1.91:1","meta only; no rendered CSS","no","no","1200x630","160 KB","WebP","WebP q78-84 or AVIF q45-55","KEEP","OG ratio matches social standard.","","","","1200","630","117850"
"projects/esp32-mqtt-sensor-dashboard.html","hero","/assets/images/generated/esp32-mqtt-sensor-dashboard.webp","1600x900","621x348","52x28","16:9","object-fit:cover; object-position:50% 50%; max-height:none; css:620.656pxx348.25px; aspect-ratio:auto","hero+og:image","yes: visible 16:9 asset plus dedicated 1200x630 OG crop","1600x900","220 KB","WebP","WebP q80-86 or AVIF q48-58","OPTIONAL REPLACE","Already optimized generated asset; preserve unless crop/content is specifically rejected. Missing/empty alt text; decorative is okay only when intentionally empty.","","eager","","","","115820"
"projects/esp32-mqtt-sensor-dashboard.html","section illustration","/assets/visuals/projects/wiring/esp32-mqtt-sensor-dashboard-wiring.svg","unknown","720x481","358x239","3:2","object-fit:fill; object-position:50% 50%; max-height:none; css:720pxx480.656px; aspect-ratio:auto 1200 / 800","no","no","1200x800","160 KB","SVG preferred","SVG preferred for diagrams; PNG only for transparency/raster required","KEEP","Technical diagram/vector asset; do not replace with AI art.","ESP32 MQTT Sensor Dashboard wiring diagram","lazy","","1200","800","3383"
"projects/esp32-mqtt-sensor-dashboard.html","og:image","/assets/images/generated/esp32-mqtt-sensor-dashboard.webp","1600x900","0x0","0x0","1.91:1","meta only; no rendered CSS","hero+og:image","no","1200x630","160 KB","WebP","WebP q78-84 or AVIF q45-55","KEEP","OG ratio matches social standard.","","","","1200","630","115820"
"projects/esp32-neopixel-music-visualizer.html","og:image","/assets/images/projects/project-b-07.webp","1376x768","0x0","0x0","1.91:1","meta only; no rendered CSS","no","no","1200x630","160 KB","WebP","WebP q78-84 or AVIF q45-55","KEEP","OG ratio matches social standard.","","","","1200","630","115486"
"projects/esp32-oled-weather-clock.html","hero","/assets/images/generated/esp32-oled-weather-clock.webp","1600x900","621x348","52x28","16:9","object-fit:cover; object-position:50% 50%; max-height:none; css:620.656pxx348.25px; aspect-ratio:auto","hero+og:image","yes: visible 16:9 asset plus dedicated 1200x630 OG crop","1600x900","220 KB","WebP","WebP q80-86 or AVIF q48-58","OPTIONAL REPLACE","Already optimized generated asset; preserve unless crop/content is specifically rejected. Missing/empty alt text; decorative is okay only when intentionally empty.","","eager","","","","107112"
"projects/esp32-oled-weather-clock.html","og:image","/assets/images/generated/esp32-oled-weather-clock.webp","1600x900","0x0","0x0","1.91:1","meta only; no rendered CSS","hero+og:image","no","1200x630","160 KB","WebP","WebP q78-84 or AVIF q45-55","KEEP","OG ratio matches social standard.","","","","1200","630","107112"
"projects/esp32-pulse-oximeter-logger.html","og:image","/assets/images/projects/project-b-09.webp","1376x768","0x0","0x0","1.91:1","meta only; no rendered CSS","no","no","1200x630","160 KB","WebP","WebP q78-84 or AVIF q45-55","KEEP","OG ratio matches social standard.","","","","1200","630","116964"
"projects/esp32-rfid-access-control-system.html","hero","/assets/visuals/projects/heroes/esp32-rfid-access-control-system-hero.svg","267x150","621x348","52x28","16:9","object-fit:cover; object-position:50% 50%; max-height:none; css:620.656pxx348.25px; aspect-ratio:auto","no","no","1600x900","220 KB","WebP","WebP q80-86 or AVIF q48-58","OPTIONAL REPLACE","Lightweight project hero illustration; replace only with a stronger project-specific image at the same ratio. Source is slightly smaller than desktop render; use a larger source for crisp high-DPI displays. Missing/empty alt text; decorative is okay only when intentionally empty.","","eager","","","","4610"
"projects/esp32-rfid-access-control-system.html","og:image","/assets/images/projects/project-b-10.webp","1376x768","0x0","0x0","1.91:1","meta only; no rendered CSS","no","no","1200x630","160 KB","WebP","WebP q78-84 or AVIF q45-55","KEEP","OG ratio matches social standard.","","","","1200","630","119640"
"projects/esp32-rfid-inventory-tracker.html","og:image","/assets/images/projects/project-b-11.webp","1376x768","0x0","0x0","1.91:1","meta only; no rendered CSS","no","no","1200x630","160 KB","WebP","WebP q78-84 or AVIF q45-55","KEEP","OG ratio matches social standard.","","","","1200","630","119732"
"projects/esp32-rgb-led-pattern-controller.html","og:image","/assets/images/projects/project-b-12.webp","1376x768","0x0","0x0","1.91:1","meta only; no rendered CSS","no","no","1200x630","160 KB","WebP","WebP q78-84 or AVIF q45-55","KEEP","OG ratio matches social standard.","","","","1200","630","125346"
"projects/esp32-robot-arm-controller.html","og:image","/assets/images/projects/project-b-13.webp","1376x768","0x0","0x0","1.91:1","meta only; no rendered CSS","no","no","1200x630","160 KB","WebP","WebP q78-84 or AVIF q45-55","KEEP","OG ratio matches social standard.","","","","1200","630","125804"
"projects/esp32-security-camera-system.html","og:image","/assets/images/projects/project-b-14.webp","1376x768","0x0","0x0","1.91:1","meta only; no rendered CSS","no","no","1200x630","160 KB","WebP","WebP q78-84 or AVIF q45-55","KEEP","OG ratio matches social standard.","","","","1200","630","119056"
"projects/esp32-smart-door-lock.html","hero","/assets/visuals/projects/heroes/esp32-smart-door-lock-hero.svg","267x150","621x348","52x28","16:9","object-fit:cover; object-position:50% 50%; max-height:none; css:620.656pxx348.25px; aspect-ratio:auto","no","no","1600x900","220 KB","WebP","WebP q80-86 or AVIF q48-58","OPTIONAL REPLACE","Lightweight project hero illustration; replace only with a stronger project-specific image at the same ratio. Source is slightly smaller than desktop render; use a larger source for crisp high-DPI displays. Missing/empty alt text; decorative is okay only when intentionally empty.","","eager","","","","4748"
"projects/esp32-smart-door-lock.html","og:image","/assets/images/projects/project-b-15.webp","1376x768","0x0","0x0","1.91:1","meta only; no rendered CSS","no","no","1200x630","160 KB","WebP","WebP q78-84 or AVIF q45-55","KEEP","OG ratio matches social standard.","","","","1200","630","117412"
"projects/esp32-smart-energy-meter.html","og:image","/assets/images/projects/project-b-16.webp","1376x768","0x0","0x0","1.91:1","meta only; no rendered CSS","no","no","1200x630","160 KB","WebP","WebP q78-84 or AVIF q45-55","KEEP","OG ratio matches social standard.","","","","1200","630","117042"
"projects/esp32-smart-irrigation-system.html","hero","/assets/images/generated/esp32-smart-irrigation-system.webp","1600x900","621x348","52x28","16:9","object-fit:cover; object-position:50% 50%; max-height:none; css:620.656pxx348.25px; aspect-ratio:auto","hero+og:image","yes: visible 16:9 asset plus dedicated 1200x630 OG crop","1600x900","220 KB","WebP","WebP q80-86 or AVIF q48-58","OPTIONAL REPLACE","Already optimized generated asset; preserve unless crop/content is specifically rejected. Missing/empty alt text; decorative is okay only when intentionally empty.","","eager","","","","147140"
"projects/esp32-smart-irrigation-system.html","og:image","/assets/images/generated/esp32-smart-irrigation-system.webp","1600x900","0x0","0x0","1.91:1","meta only; no rendered CSS","hero+og:image","no","1200x630","160 KB","WebP","WebP q78-84 or AVIF q45-55","KEEP","OG ratio matches social standard.","","","","1200","630","147140"
"projects/esp32-smart-mailbox.html","og:image","/assets/images/projects/project-b-18.webp","1376x768","0x0","0x0","1.91:1","meta only; no rendered CSS","no","no","1200x630","160 KB","WebP","WebP q78-84 or AVIF q45-55","KEEP","OG ratio matches social standard.","","","","1200","630","121790"
"projects/esp32-smart-parking-sensor.html","section illustration","/assets/visuals/projects/wiring/esp32-smart-parking-sensor-wiring.svg","unknown","720x481","358x239","3:2","object-fit:fill; object-position:50% 50%; max-height:none; css:720pxx480.656px; aspect-ratio:auto 1200 / 800","no","no","1200x800","160 KB","SVG preferred","SVG preferred for diagrams; PNG only for transparency/raster required","KEEP","Technical diagram/vector asset; do not replace with AI art.","ESP32 Smart Parking Sensor wiring diagram","lazy","","1200","800","4939"
"projects/esp32-smart-parking-sensor.html","og:image","/assets/images/projects/project-b-19.webp","1376x768","0x0","0x0","1.91:1","meta only; no rendered CSS","no","no","1200x630","160 KB","WebP","WebP q78-84 or AVIF q45-55","KEEP","OG ratio matches social standard.","","","","1200","630","121790"
"projects/esp32-smart-power-strip.html","og:image","/assets/images/projects/project-b-20.webp","1376x768","0x0","0x0","1.91:1","meta only; no rendered CSS","no","no","1200x630","160 KB","WebP","WebP q78-84 or AVIF q45-55","KEEP","OG ratio matches social standard.","","","","1200","630","127510"
"projects/esp32-smart-street-light.html","section illustration","/assets/visuals/projects/wiring/esp32-smart-street-light-wiring.svg","unknown","720x481","358x239","3:2","object-fit:fill; object-position:50% 50%; max-height:none; css:720pxx480.656px; aspect-ratio:auto 1200 / 800","no","no","1200x800","160 KB","SVG preferred","SVG preferred for diagrams; PNG only for transparency/raster required","KEEP","Technical diagram/vector asset; do not replace with AI art.","ESP32 Smart Street Light wiring diagram","lazy","","1200","800","4031"
"projects/esp32-smart-street-light.html","og:image","/assets/images/og/esp32-engine-home.webp","1200x630","0x0","0x0","1.91:1","meta only; no rendered CSS","no","no","1200x630","160 KB","WebP","WebP q78-84 or AVIF q45-55","KEEP","OG ratio matches social standard.","","","","1200","630","45924"
"projects/esp32-smart-thermostat.html","hero","/assets/images/generated/esp32-smart-thermostat.webp","1600x900","621x348","52x28","16:9","object-fit:cover; object-position:50% 50%; max-height:none; css:620.656pxx348.25px; aspect-ratio:auto","hero+og:image","yes: visible 16:9 asset plus dedicated 1200x630 OG crop","1600x900","220 KB","WebP","WebP q80-86 or AVIF q48-58","OPTIONAL REPLACE","Already optimized generated asset; preserve unless crop/content is specifically rejected. Missing/empty alt text; decorative is okay only when intentionally empty.","","eager","","","","111858"
"projects/esp32-smart-thermostat.html","og:image","/assets/images/generated/esp32-smart-thermostat.webp","1600x900","0x0","0x0","1.91:1","meta only; no rendered CSS","hero+og:image","no","1200x630","160 KB","WebP","WebP q78-84 or AVIF q45-55","KEEP","OG ratio matches social standard.","","","","1200","630","111858"
"projects/esp32-soil-moisture-monitor.html","section illustration","/assets/visuals/projects/wiring/esp32-soil-moisture-monitor-wiring.svg","unknown","720x481","358x239","3:2","object-fit:fill; object-position:50% 50%; max-height:none; css:720pxx480.656px; aspect-ratio:auto 1200 / 800","no","no","1200x800","160 KB","SVG preferred","SVG preferred for diagrams; PNG only for transparency/raster required","KEEP","Technical diagram/vector asset; do not replace with AI art.","ESP32 Soil Moisture Monitor wiring diagram","lazy","","1200","800","5749"
"projects/esp32-soil-moisture-monitor.html","og:image","/assets/images/og/esp32-engine-home.webp","1200x630","0x0","0x0","1.91:1","meta only; no rendered CSS","no","no","1200x630","160 KB","WebP","WebP q78-84 or AVIF q45-55","KEEP","OG ratio matches social standard.","","","","1200","630","45924"
"projects/esp32-soil-ph-monitor.html","og:image","/assets/images/og/esp32-engine-home.webp","1200x630","0x0","0x0","1.91:1","meta only; no rendered CSS","no","no","1200x630","160 KB","WebP","WebP q78-84 or AVIF q45-55","KEEP","OG ratio matches social standard.","","","","1200","630","45924"
"projects/esp32-uv-index-monitor.html","og:image","/assets/images/og/esp32-engine-home.webp","1200x630","0x0","0x0","1.91:1","meta only; no rendered CSS","no","no","1200x630","160 KB","WebP","WebP q78-84 or AVIF q45-55","KEEP","OG ratio matches social standard.","","","","1200","630","45924"
"projects/esp32-vibration-monitor.html","og:image","/assets/images/og/esp32-engine-home.webp","1200x630","0x0","0x0","1.91:1","meta only; no rendered CSS","no","no","1200x630","160 KB","WebP","WebP q78-84 or AVIF q45-55","KEEP","OG ratio matches social standard.","","","","1200","630","45924"
"projects/esp32-voice-controlled-relay.html","og:image","/assets/images/og/esp32-engine-home.webp","1200x630","0x0","0x0","1.91:1","meta only; no rendered CSS","no","no","1200x630","160 KB","WebP","WebP q78-84 or AVIF q45-55","KEEP","OG ratio matches social standard.","","","","1200","630","45924"
"projects/esp32-water-leak-detector.html","section illustration","/assets/visuals/projects/wiring/esp32-water-leak-detector-wiring.svg","unknown","720x481","358x239","3:2","object-fit:fill; object-position:50% 50%; max-height:none; css:720pxx480.656px; aspect-ratio:auto 1200 / 800","no","no","1200x800","160 KB","SVG preferred","SVG preferred for diagrams; PNG only for transparency/raster required","KEEP","Technical diagram/vector asset; do not replace with AI art.","ESP32 Water Leak Detector wiring diagram","lazy","","1200","800","5301"
"projects/esp32-water-leak-detector.html","og:image","/assets/images/og/esp32-engine-home.webp","1200x630","0x0","0x0","1.91:1","meta only; no rendered CSS","no","no","1200x630","160 KB","WebP","WebP q78-84 or AVIF q45-55","KEEP","OG ratio matches social standard.","","","","1200","630","45924"
"projects/esp32-wifi-robot-controller.html","hero","/assets/images/generated/esp32-wifi-robot-controller.webp","1600x900","621x348","52x28","16:9","object-fit:cover; object-position:50% 50%; max-height:none; css:620.656pxx348.25px; aspect-ratio:auto","hero+og:image","yes: visible 16:9 asset plus dedicated 1200x630 OG crop","1600x900","220 KB","WebP","WebP q80-86 or AVIF q48-58","OPTIONAL REPLACE","Already optimized generated asset; preserve unless crop/content is specifically rejected. Missing/empty alt text; decorative is okay only when intentionally empty.","","eager","","","","116140"
"projects/esp32-wifi-robot-controller.html","og:image","/assets/images/generated/esp32-wifi-robot-controller.webp","1600x900","0x0","0x0","1.91:1","meta only; no rendered CSS","hero+og:image","no","1200x630","160 KB","WebP","WebP q78-84 or AVIF q45-55","KEEP","OG ratio matches social standard.","","","","1200","630","116140"